url,timestamp,content_hash,change_detected
https://www.wikipedia.org,2026-01-03 05:17:04,fdb581c9cfdc4abd78e59059ff6cb0aa2da07dbe76d075f23b02a56c0c8c36d5,True
https://www.wikipedia.org,2026-01-03 04:47:04,e5b3ec6ceeef05fef7c48c35aefc2c5d625f99d4a542a5548ac71490522b2201,True
https://example.com,2026-01-03 04:17:04,0a61958ba671d068969c509abc35752d5a1007ce1fb52e693fa2d39cf9bc0da2,False
https://example.com,2026-01-03 03:47:04,dc3097ee1498c24ce49e6710f37a9da1804728c547cef63cd94821254f39a441,False
https://example.com,2026-01-03 03:17:04,aa6115a5d5fbc1f68040c4107f425a03f48550893eaa726085838a2b08d8d6d1,False
https://www.nasa.gov,2026-01-03 02:47:04,34a9bb23f7533db071959256bd7e57805f213bb09ac3939e8c41a85d81d868ea,True
https://news.ycombinator.com,2026-01-03 02:17:04,8c2f08b8babff63dfccd8b0a838e1815591a318efef7b13d791e463bd041eb96,True
https://www.wikipedia.org,2026-01-03 01:47:04,e5b3ec6ceeef05fef7c48c35aefc2c5d625f99d4a542a5548ac71490522b2201,False
https://news.ycombinator.com,2026-01-03 01:17:04,abcf42df9285b0e02c1face219da18bc1f622df335894ba6a941e396b0a61e2f,True
https://www.wikipedia.org,2026-01-03 00:47:04,e5b3ec6ceeef05fef7c48c35aefc2c5d625f99d4a542a5548ac71490522b2201,False
https://news.ycombinator.com,2026-01-03 00:17:04,1106d30ca4540ce7ec9205c066971ddbf5f9baa4f2ab6f03846ac27170144a32,False
https://www.bbc.com,2026-01-02 23:47:04,597bce04593f5b0c39a6504a6d361ddd678c2022ba1ab00ca1554039633b8f94,False
https://www.wikipedia.org,2026-01-02 23:17:04,0fcb9cff525952db848496a53fba90cb1fcc23ef21ea9f470a621011575cf6ef,True
https://example.com,2026-01-02 22:47:04,7626286f547e78d7bc778cfeb80f7eb94f5da46af560e7ac9cfa84fb4c7f5381,True
https://news.ycombinator.com,2026-01-02 22:17:04,abcf42df9285b0e02c1face219da18bc1f622df335894ba6a941e396b0a61e2f,False
https://news.ycombinator.com,2026-01-02 21:47:04,af95f0f7311d2671e24003d7418348d32b3fc32c44f89e22fd861da7738a65e7,False
https://www.nasa.gov,2026-01-02 21:17:04,34a9bb23f7533db071959256bd7e57805f213bb09ac3939e8c41a85d81d868ea,False
https://example.com,2026-01-02 20:47:04,7626286f547e78d7bc778cfeb80f7eb94f5da46af560e7ac9cfa84fb4c7f5381,True
https://www.nasa.gov,2026-01-02 20:17:04,cc2b94d67e45505d4d749d2affe64e111854ee472c43a00379ecd5926e06af43,True
https://www.nasa.gov,2026-01-02 19:47:04,f585be3db64aadaf538fb4f3f6ad19b4606f6fb6c16ca8c5834baf0cdb9fc9d1,True
https://www.nasa.gov,2026-01-02 19:17:04,5aee49e7190e368b43c59fef2f7041b41f46672446c2e38fb038529c4c84124d,False
https://www.bbc.com,2026-01-02 18:47:04,b72504d089d94c58228b7b201f90b26496106c829beef1e056504d76ca7f7d8b,False
https://news.ycombinator.com,2026-01-02 18:17:04,14f174d87a748c64b32da56f37e3143a2d53444911bfc148f5ca4047446ee823,False
https://news.ycombinator.com,2026-01-02 17:47:04,abcf42df9285b0e02c1face219da18bc1f622df335894ba6a941e396b0a61e2f,True
https://example.com,2026-01-02 17:17:04,614fb0088e7d82b2538f1ccb5861db5940aaa665b587792898e4be1f591bafec,True
https://www.wikipedia.org,2026-01-02 16:47:04,abfc97ca7dae2844754363c84bad4d8d2527e7cbc83fdfa49ddf6a4acf15cc4d,False
https://www.bbc.com,2026-01-02 16:17:04,c90aa803eb4e9cd7648bee83638d738f20547f9cd505b9bb06047a76a186d134,False
https://example.com,2026-01-02 15:47:04,54daca6148b5ddbd3274c3e8f502bbb35e45a0bd64a074f8fda3593f871ed902,False
https://www.wikipedia.org,2026-01-02 15:17:04,ab6fb0988a536eb3f0682c5e8f4c5c8e90056a38d3598d87aba785faf452cfc2,True
https://www.wikipedia.org,2026-01-02 14:47:04,6d2b717d4632f0569a329e8745d4c1e8812e19822b4b38f5a1ec3fd5eb80ad12,True
https://example.com,2026-01-02 14:17:04,54daca6148b5ddbd3274c3e8f502bbb35e45a0bd64a074f8fda3593f871ed902,True
https://example.com,2026-01-02 13:47:04,52d4a022ff0b61f11d3aeef2aa317ba975a19a8b981980bc452afbfebc998394,True
https://www.nasa.gov,2026-01-02 13:17:04,e99ff2304dd6570054608d05552dc309d05c67d03b2918d7de150a7a0451c8dc,True
https://www.wikipedia.org,2026-01-02 12:47:04,7941db43e2dda5326d4ed68a22fe9c37b3923edccea7c20ff303c4843883ce64,True
https://example.com,2026-01-02 12:17:04,dc3097ee1498c24ce49e6710f37a9da1804728c547cef63cd94821254f39a441,True
https://www.nasa.gov,2026-01-02 11:47:04,1b7d4d8f866a0f1e6f60e9bc927f37287004cba71673e629e955d78ee6d90718,True
https://example.com,2026-01-02 11:17:04,dc3097ee1498c24ce49e6710f37a9da1804728c547cef63cd94821254f39a441,True
https://www.bbc.com,2026-01-02 10:47:04,143f825f03d0445d56ef4f1e798a6c04bebb1aad3304664e911e0885a2037eb9,True
https://www.bbc.com,2026-01-02 10:17:04,866ab533393587998c7767f5befa69d868c14654d22379fb4b3d6502dcf17a39,True
https://example.com,2026-01-02 09:47:04,caa8ebbf2b7cc11a42e1e787d0fc838d086092d50b75001171d82ff4e47c26e2,False
https://news.ycombinator.com,2026-01-02 09:17:04,247f575815b23e4b303b4228b4845b7b00d8e525ce5d2b291fe38fc9e0fffdd2,False
https://example.com,2026-01-02 08:47:04,caa8ebbf2b7cc11a42e1e787d0fc838d086092d50b75001171d82ff4e47c26e2,False
https://www.wikipedia.org,2026-01-02 08:17:04,ab6fb0988a536eb3f0682c5e8f4c5c8e90056a38d3598d87aba785faf452cfc2,False
https://example.com,2026-01-02 07:47:04,cb285702d9df7104d7d24f711704539a687247bae1acbe3ca5f44490ec38215b,True
https://www.bbc.com,2026-01-02 07:17:04,b72504d089d94c58228b7b201f90b26496106c829beef1e056504d76ca7f7d8b,True
https://www.nasa.gov,2026-01-02 06:47:04,1b7d4d8f866a0f1e6f60e9bc927f37287004cba71673e629e955d78ee6d90718,False
https://www.nasa.gov,2026-01-02 06:17:04,34a9bb23f7533db071959256bd7e57805f213bb09ac3939e8c41a85d81d868ea,False
https://news.ycombinator.com,2026-01-02 05:47:04,8ee456a67473470e103ebe4aedc9cfc53e6d70740e6745c0f36d1cdbe55c5419,True
https://news.ycombinator.com,2026-01-02 05:17:04,cb3bedf2194ca0491f4ff03e0063b122ca3cc604093545e9a2ea00a091a86bb1,False
https://www.wikipedia.org,2026-01-02 04:47:04,fdb581c9cfdc4abd78e59059ff6cb0aa2da07dbe76d075f23b02a56c0c8c36d5,False
